system_name,benchmark,training_time,accuracy,power_consumption,hardware_type,software_framework,benchmark_type,inference_time,throughput,latency
System_A,ResNet-50,968.9534762683028,0.9090035065547653,351.4698720996147,GPU,TensorFlow,training_results,,,
System_B,BERT,192.96713961602399,0.8888659400899166,699.8416025075124,TPU,PyTorch,training_results,,,
System_C,DLRM,6.304506963502424,0.87890995894341,279.7146827819649,CPU,TensorFlow,training_results,,,
System_D,RNN-T,232.2099622521431,0.8128036719819175,293.02707251087435,GPU,PyTorch,training_results,,,
System_E,3D-UNet,5446.297547543569,0.937914657954682,790.1464874048312,TPU,TensorFlow,training_results,,,
System_A,ResNet-50,3743.968699518721,0.8075263030618499,604.0547562711939,GPU,TensorFlow,training_results,,,
System_B,BERT,167.36968097291793,0.832002153082901,128.5731295589693,TPU,PyTorch,training_results,,,
System_C,DLRM,260.63998929172857,0.8403654117350003,131.28502005284278,CPU,TensorFlow,training_results,,,
System_D,RNN-T,1304.2497419375907,0.8595105098456394,185.46463525449292,GPU,PyTorch,training_results,,,
System_E,3D-UNet,234.53484340321066,0.823717770208399,279.26037704258596,TPU,TensorFlow,training_results,,,
System_A,ResNet-50,59.65269750343772,0.8224370560563512,385.87728088382,GPU,TensorFlow,training_results,,,
System_B,BERT,498.7127240470386,0.8980843455246313,248.75364327969328,TPU,PyTorch,training_results,,,
System_C,DLRM,480.5386314651779,0.8186456817355297,169.84038236472745,CPU,TensorFlow,training_results,,,
System_D,RNN-T,307.7602244809153,0.817544758986583,602.3726610140117,GPU,PyTorch,training_results,,,
System_E,3D-UNet,776.6959319740952,0.8634671829511117,215.0647699915132,TPU,TensorFlow,training_results,,,
System_A,ResNet-50,984.7939113098453,0.8800863310115756,484.54047976409004,GPU,TensorFlow,training_results,,,
System_B,BERT,2013.1398557298578,0.8694793372515863,39.90418423108004,TPU,PyTorch,training_results,,,
System_C,DLRM,943.3181525989696,0.9191442228817172,1150.2640582659446,CPU,TensorFlow,training_results,,,
System_D,RNN-T,40.58189056698678,0.822463601746176,341.2673912044869,GPU,PyTorch,training_results,,,
System_E,3D-UNet,918.30018893665,0.9453854207686299,38.50572241877102,TPU,TensorFlow,training_results,,,
System_A,ResNet-50,754.350069330827,0.8216368466272408,28.75694517808628,GPU,TensorFlow,training_results,,,
System_B,BERT,412.8882783537613,0.8466099705723786,956.728061192008,TPU,PyTorch,training_results,,,
System_C,DLRM,1617.4094921879819,0.8110061715874656,141.27595418662924,CPU,TensorFlow,training_results,,,
System_D,RNN-T,34.509858782626935,0.830916220887346,58.28302546061393,GPU,PyTorch,training_results,,,
System_E,3D-UNet,418.81158027195175,0.8516425082885561,84.83140451373494,TPU,TensorFlow,training_results,,,
System_A,ResNet-50,1459.6688684385415,0.8574486247909016,317.7355466848379,GPU,TensorFlow,training_results,,,
System_B,BERT,101.08084422863152,0.7976163031992951,770.5346203625556,TPU,PyTorch,training_results,,,
System_C,DLRM,2294.48931509911,0.9030310899486652,126.19188347460123,CPU,TensorFlow,training_results,,,
System_D,RNN-T,350.2303546682406,0.9038670734231615,499.8466537057489,GPU,PyTorch,training_results,,,
System_E,3D-UNet,4399.3179765625855,0.8553402525702233,408.11286811209663,TPU,TensorFlow,training_results,,,
System_A,ResNet-50,518.2375984597265,0.8844709978844251,993.5981697224828,GPU,TensorFlow,training_results,,,
System_B,BERT,4615.72387862664,0.8936400323243963,262.0696168596036,TPU,PyTorch,training_results,,,
System_C,DLRM,104.55802216790259,0.7715140330069834,12.428896701916255,CPU,TensorFlow,training_results,,,
System_D,RNN-T,165.66025138598482,0.8329749025579621,268.5557160954073,GPU,PyTorch,training_results,,,
System_E,3D-UNet,408.13185115258506,0.7645802119805596,2964.9262770832147,TPU,TensorFlow,training_results,,,
System_A,ResNet-50,1113.9132767275887,0.902928416662155,2463.809513416389,GPU,TensorFlow,training_results,,,
System_B,BERT,668.6736900293679,0.9361513965454522,171.74160451945542,TPU,PyTorch,training_results,,,
System_C,DLRM,322.59109542562874,0.8772109109308022,545.9999843030376,CPU,TensorFlow,training_results,,,
System_D,RNN-T,482.7969333929067,0.9656048509852951,188.21607913416935,GPU,PyTorch,training_results,,,
System_E,3D-UNet,603.4766597043048,0.8688463916020901,61.80832570251924,TPU,TensorFlow,training_results,,,
System_A,ResNet-50,1462.0616727333959,0.958159499688451,502.8647538846296,GPU,TensorFlow,training_results,,,
System_B,BERT,288.6063562665607,0.8321607015179151,440.916673626726,TPU,PyTorch,training_results,,,
System_C,DLRM,826.2129797688045,0.9157105278756417,1000.921067389998,CPU,TensorFlow,training_results,,,
System_D,RNN-T,1654.1421307400055,0.7573179831416781,653.4121003870644,GPU,PyTorch,training_results,,,
System_E,3D-UNet,875.280364608143,0.8394714470626298,2.561278823234994,TPU,TensorFlow,training_results,,,
System_A,ResNet-50,2890.1960209060444,0.8421703815720785,434.87844778022856,GPU,TensorFlow,training_results,,,
System_B,BERT,5898.9519092666915,0.7570761377305032,284.0212833800541,TPU,PyTorch,training_results,,,
System_C,DLRM,3017.6056923376377,0.9022568546408956,104.50610250641907,CPU,TensorFlow,training_results,,,
System_D,RNN-T,1067.6796073013627,0.8792471888133914,1194.1722138279874,GPU,PyTorch,training_results,,,
System_E,3D-UNet,602.896212150194,0.7640616070645971,442.94316986398894,TPU,TensorFlow,training_results,,,
System_A,ResNet-50,89.05051722959163,0.8698780063281466,286.2896334961403,GPU,TensorFlow,training_results,,,
System_B,BERT,1101.1117548159496,0.87254620840473,132.97019561957893,TPU,PyTorch,training_results,,,
System_C,DLRM,1171.3555716304202,0.7997932881025519,533.9990113275467,CPU,TensorFlow,training_results,,,
System_D,RNN-T,361.04635169567536,0.8803197387127923,803.0838827124808,GPU,PyTorch,training_results,,,
System_E,3D-UNet,496.6970436573847,0.8199021876302367,225.131129595706,TPU,TensorFlow,training_results,,,
System_A,ResNet-50,2052.9347586582912,0.8586888049698896,363.34478760291853,GPU,TensorFlow,training_results,,,
System_B,BERT,446.0439151020797,0.8052276043879686,192.56145738576288,TPU,PyTorch,training_results,,,
System_C,DLRM,1203.805205195892,0.874798259300606,170.57407241686172,CPU,TensorFlow,training_results,,,
System_D,RNN-T,583.4176886150835,0.9556255933070165,999.0921596895677,GPU,PyTorch,training_results,,,
System_E,3D-UNet,904.3072631250028,0.8684602837299915,106.77917036550667,TPU,TensorFlow,training_results,,,
System_A,ResNet-50,1705.1524603755213,0.8488956378783032,97.04219896935241,GPU,TensorFlow,training_results,,,
System_B,BERT,1690.179231956419,0.8484773894752838,1733.7918302989833,TPU,PyTorch,training_results,,,
System_C,DLRM,400.82178863235555,0.9069322513243114,69.00607278090799,CPU,TensorFlow,training_results,,,
System_D,RNN-T,251.4369112619761,0.7943593566552462,1223.9423599557492,GPU,PyTorch,training_results,,,
System_E,3D-UNet,773.7836114305152,0.8774599825856634,1038.654541597356,TPU,TensorFlow,training_results,,,
System_A,ResNet-50,73.55878999647109,0.8850368582865608,283.428673471685,GPU,TensorFlow,training_results,,,
System_B,BERT,1629.0975823536983,0.879678117303492,701.9538706932722,TPU,PyTorch,training_results,,,
System_C,DLRM,218.33302014445823,0.9053113278876692,427.34279060754204,CPU,TensorFlow,training_results,,,
System_D,RNN-T,48.81986942507852,0.7818453024621176,281.58010717837436,GPU,PyTorch,training_results,,,
System_E,3D-UNet,586.0211108237274,0.8683531948542325,1513.0380839210438,TPU,TensorFlow,training_results,,,
System_A,ResNet-50,579.7219702867902,0.9269875385021575,948.7295329782239,GPU,TensorFlow,training_results,,,
System_B,BERT,201.96853640039026,0.8369226533028375,967.5763092168975,TPU,PyTorch,training_results,,,
System_C,DLRM,4198.631201798821,0.8486913246091472,933.0466819850386,CPU,TensorFlow,training_results,,,
System_D,RNN-T,1836.6255871634169,0.835351965621084,400.24895593568834,GPU,PyTorch,training_results,,,
System_E,3D-UNet,979.4454713486409,0.8282638089588997,827.8344085917109,TPU,TensorFlow,training_results,,,
System_A,ResNet-50,354.62388363795685,0.8384623895039992,176.15947947026677,GPU,TensorFlow,training_results,,,
System_B,BERT,485.15543214291756,0.8711351639778427,773.9643613718133,TPU,PyTorch,training_results,,,
System_C,DLRM,651.9750200200367,0.8871113737322263,239.99909601837987,CPU,TensorFlow,training_results,,,
System_D,RNN-T,446.8781737454338,0.8136286303206826,743.5176661566452,GPU,PyTorch,training_results,,,
System_E,3D-UNet,909.4078235788087,0.7998344724007493,148.08641844746558,TPU,TensorFlow,training_results,,,
System_A,ResNet-50,1835.7770118592825,0.8015086944784529,199.48302445656356,GPU,TensorFlow,training_results,,,
System_B,BERT,603.2378101685998,0.8908571205563006,1830.4094477198587,TPU,PyTorch,training_results,,,
System_C,DLRM,1732.645396687965,0.8923972743874005,430.0112646328427,CPU,TensorFlow,training_results,,,
System_D,RNN-T,1584.5875071037083,0.9313566236736495,21.08255855494307,GPU,PyTorch,training_results,,,
System_E,3D-UNet,880.8891172798557,0.8357788589918987,1372.1631373209084,TPU,TensorFlow,training_results,,,
System_A,ResNet-50,1939.8739730169655,0.8042752124581236,209.3777197607874,GPU,TensorFlow,training_results,,,
System_B,BERT,479.34849809545074,0.9138865173837356,1550.3183602505082,TPU,PyTorch,training_results,,,
System_C,DLRM,1464.7414387599815,0.8319210369608414,761.9103482717048,CPU,TensorFlow,training_results,,,
System_D,RNN-T,874.2986903199761,0.8873259879232019,248.8701299148491,GPU,PyTorch,training_results,,,
System_E,3D-UNet,2539.6286176692024,0.8752595856546841,216.06297295390632,TPU,TensorFlow,training_results,,,
System_A,ResNet-50,1062.7563833703941,0.9298304495747786,28.847838345921,GPU,TensorFlow,training_results,,,
System_B,BERT,707.0232329813682,0.8272153121284386,391.19867397748527,TPU,PyTorch,training_results,,,
System_C,DLRM,2663.7952298917157,0.870133873904273,107.03167098495761,CPU,TensorFlow,training_results,,,
System_D,RNN-T,368.11498337807507,0.7856845610552436,356.15395955389357,GPU,PyTorch,training_results,,,
System_E,3D-UNet,301.04696962779593,0.8189725599669537,268.9623176733128,TPU,TensorFlow,training_results,,,
System_A,ResNet-50,1661.4545899003726,0.8508255700868055,616.5685499516107,GPU,TensorFlow,training_results,,,
System_B,BERT,112.10135557272758,0.848698254868467,258.1662476364157,TPU,PyTorch,training_results,,,
System_C,DLRM,688.6471170212125,0.8540709018852757,658.8488285591282,CPU,TensorFlow,training_results,,,
System_D,RNN-T,1139.262438944929,0.8772535997576039,1022.5452745022247,GPU,PyTorch,training_results,,,
System_E,3D-UNet,267.45279532100545,0.8628340099888921,916.5596044761288,TPU,TensorFlow,training_results,,,
System_A,ResNet-50,,,,GPU,TensorFlow,inference_results,3.137601776269519,1010.4967070044593,0.5185359898253548
System_B,BERT,,,,TPU,PyTorch,inference_results,12.28250765793242,853.5163279070371,1.4863738693029396
System_C,DLRM,,,,CPU,TensorFlow,inference_results,3.624432095533505,89.45958189462026,0.2802160212199415
System_D,RNN-T,,,,GPU,PyTorch,inference_results,3.009770803928194,1478.2714703260492,1.5311018979100361
System_E,3D-UNet,,,,TPU,TensorFlow,inference_results,13.365496792466654,746.2780697961659,0.030469185462311147
System_A,ResNet-50,,,,GPU,TensorFlow,inference_results,9.423088252345096,58.23344448062871,4.163040858943038
System_B,BERT,,,,TPU,PyTorch,inference_results,6.406934358846327,350.60248357436507,2.0158120761729177
System_C,DLRM,,,,CPU,TensorFlow,inference_results,21.081324598198314,1585.111727066229,4.164631903573496
System_D,RNN-T,,,,GPU,PyTorch,inference_results,2.92898246387351,2396.7994998465406,9.645373151758104
System_E,3D-UNet,,,,TPU,TensorFlow,inference_results,17.139732763882538,16.438338828171702,9.8341275463999
System_A,ResNet-50,,,,GPU,TensorFlow,inference_results,8.656335952327126,3324.603752205392,3.890532225899181
System_B,BERT,,,,TPU,PyTorch,inference_results,0.8648658624636757,165.1567279207077,0.13732355418086314
System_C,DLRM,,,,CPU,TensorFlow,inference_results,10.451784437394325,291.2895793848881,3.626786458780158
System_D,RNN-T,,,,GPU,PyTorch,inference_results,14.622508434855423,5205.213263097639,5.582505205095304
System_E,3D-UNet,,,,TPU,TensorFlow,inference_results,1.638762126249516,2934.124406270421,4.503164712594377
System_A,ResNet-50,,,,GPU,TensorFlow,inference_results,0.07131209498842135,968.3194289473089,10.030131019167069
System_B,BERT,,,,TPU,PyTorch,inference_results,12.632691622218628,66.46576784161826,4.298033428506363
System_C,DLRM,,,,CPU,TensorFlow,inference_results,1.7479953020666985,315.9204325578572,0.34989676065802633
System_D,RNN-T,,,,GPU,PyTorch,inference_results,1.3802180311390175,1182.6413160517602,2.5017298770823944
System_E,3D-UNet,,,,TPU,TensorFlow,inference_results,3.371580046950851,142.20866346198153,2.685276220826286
System_A,ResNet-50,,,,GPU,TensorFlow,inference_results,3.7635819715348666,142.14948306209737,0.6117117348699395
System_B,BERT,,,,TPU,PyTorch,inference_results,1.8138070102369743,403.8958453960359,3.2592275698585498
System_C,DLRM,,,,CPU,TensorFlow,inference_results,3.6072172656980817,68.8889582566655,4.141051873268495
System_D,RNN-T,,,,GPU,PyTorch,inference_results,30.927405296309686,1293.6799952507913,5.397164884938929
System_E,3D-UNet,,,,TPU,TensorFlow,inference_results,18.4048910151907,2503.399536213374,7.228669278127795
System_A,ResNet-50,,,,GPU,TensorFlow,inference_results,6.986102693974053,552.3036965200317,1.9949595732657133
System_B,BERT,,,,TPU,PyTorch,inference_results,0.09451576021704369,2607.9513853693534,31.568304959197402
System_C,DLRM,,,,CPU,TensorFlow,inference_results,10.33577572316121,340.57952226999714,31.973989768235352
System_D,RNN-T,,,,GPU,PyTorch,inference_results,12.292717160605362,59.29474050134773,8.205221971650955
System_E,3D-UNet,,,,TPU,TensorFlow,inference_results,3.4530197828084637,1359.91470943291,7.0997968488013
System_A,ResNet-50,,,,GPU,TensorFlow,inference_results,9.261475290088024,1331.1463281165143,0.8782578759390601
System_B,BERT,,,,TPU,PyTorch,inference_results,17.013230692154526,202.55407240483987,6.1251853505334095
System_C,DLRM,,,,CPU,TensorFlow,inference_results,10.557724414776699,78.36651632898646,4.7163382047668545
System_D,RNN-T,,,,GPU,PyTorch,inference_results,5.6961019187901005,3155.8287719884647,7.145885709831976
System_E,3D-UNet,,,,TPU,TensorFlow,inference_results,6.659908409991132,730.0164286261779,5.494009874433966
System_A,ResNet-50,,,,GPU,TensorFlow,inference_results,18.669889699082756,156.3164637398128,0.33007770740402487
System_B,BERT,,,,TPU,PyTorch,inference_results,4.06197723293388,497.61707086545687,2.171620890848692
System_C,DLRM,,,,CPU,TensorFlow,inference_results,8.187785129610173,268.23070593896455,9.609879791056548
System_D,RNN-T,,,,GPU,PyTorch,inference_results,16.48469332854029,1628.4739875434818,5.508690949089293
System_E,3D-UNet,,,,TPU,TensorFlow,inference_results,10.535693797704491,488.1310635382235,2.5094796825713246
System_A,ResNet-50,,,,GPU,TensorFlow,inference_results,1.6483860064079954,14.658729352515572,5.476506726083836
System_B,BERT,,,,TPU,PyTorch,inference_results,32.65089549600994,1427.0885016357975,8.324034819321062
System_C,DLRM,,,,CPU,TensorFlow,inference_results,1.734803917178185,3302.8188277711374,1.5825517253005925
System_D,RNN-T,,,,GPU,PyTorch,inference_results,7.019046187080685,1398.458399906007,9.25043263413542
System_E,3D-UNet,,,,TPU,TensorFlow,inference_results,23.684376444043696,26.19285054207323,2.9624951970131077
System_A,ResNet-50,,,,GPU,TensorFlow,inference_results,2.1802504090516686,613.8256296198974,2.4329434255977813
System_B,BERT,,,,TPU,PyTorch,inference_results,6.222694486946075,1354.7632224190231,2.569255991007843
System_C,DLRM,,,,CPU,TensorFlow,inference_results,7.354728709969812,58.61721093686846,8.547207748511404
System_D,RNN-T,,,,GPU,PyTorch,inference_results,5.490255074922208,695.7647123648758,2.1082296373199556
System_E,3D-UNet,,,,TPU,TensorFlow,inference_results,1.3119281754434584,470.99677475875893,3.5563034402875564
System_A,ResNet-50,,,,GPU,TensorFlow,inference_results,4.36475295148797,661.2117202264557,2.4638149182079134
System_B,BERT,,,,TPU,PyTorch,inference_results,36.15352775424996,627.7262348330776,10.61271233983774
System_C,DLRM,,,,CPU,TensorFlow,inference_results,10.735354838503522,153.56637641121526,12.437434810342157
System_D,RNN-T,,,,GPU,PyTorch,inference_results,50.20534065774174,176.42873628746875,4.02122848998415
System_E,3D-UNet,,,,TPU,TensorFlow,inference_results,3.7356846321938484,944.1611297096073,1.7949272264429572
System_A,ResNet-50,,,,GPU,TensorFlow,inference_results,12.18051718604006,507.3513595250011,5.098087865506443
System_B,BERT,,,,TPU,PyTorch,inference_results,9.095947160947848,1108.1679652271778,5.895198298384488
System_C,DLRM,,,,CPU,TensorFlow,inference_results,10.167007365959375,209.40601900990387,3.8055522907540347
System_D,RNN-T,,,,GPU,PyTorch,inference_results,23.821235206106955,2466.8673500679793,6.34848061153805
System_E,3D-UNet,,,,TPU,TensorFlow,inference_results,2.4735073784267714,97.4360754964102,4.758475654163419
System_A,ResNet-50,,,,GPU,TensorFlow,inference_results,1.0484911832243706,1016.7901749917177,4.466052208734629
System_B,BERT,,,,TPU,PyTorch,inference_results,5.0576842456493125,459.26008869154884,4.655912405160349
System_C,DLRM,,,,CPU,TensorFlow,inference_results,8.355781622241915,1348.179420545174,7.289666793983075
System_D,RNN-T,,,,GPU,PyTorch,inference_results,6.0220476922960655,1106.9933377230882,12.510201082458165
System_E,3D-UNet,,,,TPU,TensorFlow,inference_results,15.67909528950488,585.212251597783,4.339528150931356
System_A,ResNet-50,,,,GPU,TensorFlow,inference_results,9.596827088883245,971.9618800768321,5.945666240794846
System_B,BERT,,,,TPU,PyTorch,inference_results,8.641913994464401,486.33708055248195,1.3266017119238003
System_C,DLRM,,,,CPU,TensorFlow,inference_results,6.858259272519933,642.6957359261892,2.5647615564966353
System_D,RNN-T,,,,GPU,PyTorch,inference_results,1.5923715263775076,652.2542283753103,0.3490054897829651
System_E,3D-UNet,,,,TPU,TensorFlow,inference_results,12.581813691178121,3895.149374484709,6.586345059767678
System_A,ResNet-50,,,,GPU,TensorFlow,inference_results,7.035163156406607,134.81981534110093,2.6452241689856306
System_B,BERT,,,,TPU,PyTorch,inference_results,13.6390228391308,1920.443744705127,1.9547616328649795
System_C,DLRM,,,,CPU,TensorFlow,inference_results,0.30551578876776864,906.919026878946,39.664223451199746
System_D,RNN-T,,,,GPU,PyTorch,inference_results,15.896080752476413,71.691520675821,10.786302243308036
System_E,3D-UNet,,,,TPU,TensorFlow,inference_results,13.137573695325742,101.1107001741902,1.477222515877758
System_A,ResNet-50,,,,GPU,TensorFlow,inference_results,7.962350507479329,158.14560514516208,1.801265586662567
System_B,BERT,,,,TPU,PyTorch,inference_results,0.6283503710852846,479.22569942528963,0.12008274258023557
System_C,DLRM,,,,CPU,TensorFlow,inference_results,5.343039705345365,1.5554158176134139,9.63113982393875
System_D,RNN-T,,,,GPU,PyTorch,inference_results,1.7231457979252849,173.2581417071308,0.5594206336906283
System_E,3D-UNet,,,,TPU,TensorFlow,inference_results,0.11787909968610578,1903.214984111032,1.9445392439802274
System_A,ResNet-50,,,,GPU,TensorFlow,inference_results,15.889732854928456,2802.4106878308394,8.711855728727906
System_B,BERT,,,,TPU,PyTorch,inference_results,7.7794772286160985,183.18955197267405,2.544146485584318
System_C,DLRM,,,,CPU,TensorFlow,inference_results,9.667470955575292,986.9697087119209,0.8558075816963571
System_D,RNN-T,,,,GPU,PyTorch,inference_results,13.517085064323059,434.02232468500216,4.181729337352722
System_E,3D-UNet,,,,TPU,TensorFlow,inference_results,6.64556904161771,439.7325890826666,5.369529720050555
System_A,ResNet-50,,,,GPU,TensorFlow,inference_results,26.88695111550755,1624.5130261664483,10.382208900286019
System_B,BERT,,,,TPU,PyTorch,inference_results,34.52562973301889,3398.900492403304,1.8466022266754387
System_C,DLRM,,,,CPU,TensorFlow,inference_results,6.62641959209782,64.66023839778451,1.8283802289657836
System_D,RNN-T,,,,GPU,PyTorch,inference_results,13.537972251552468,671.9525433704816,1.9928677432501467
System_E,3D-UNet,,,,TPU,TensorFlow,inference_results,5.021017789174475,1527.7659573641736,0.9575792142858307
System_A,ResNet-50,,,,GPU,TensorFlow,inference_results,5.081224925937844,1595.0043560933527,0.22438650768334184
System_B,BERT,,,,TPU,PyTorch,inference_results,6.624485136084976,1198.4531924086184,2.5851570099457466
System_C,DLRM,,,,CPU,TensorFlow,inference_results,39.05996284235287,338.1752943921236,3.4980029842413436
System_D,RNN-T,,,,GPU,PyTorch,inference_results,5.12245884209812,513.4590556347491,1.4047080811955248
System_E,3D-UNet,,,,TPU,TensorFlow,inference_results,23.614408160180673,1057.9035303773642,0.06849334951842968
System_A,ResNet-50,,,,GPU,TensorFlow,inference_results,6.768764047704112,326.5015346305446,0.602911006398528
System_B,BERT,,,,TPU,PyTorch,inference_results,16.231068470773803,718.2333705758924,8.116714212438241
System_C,DLRM,,,,CPU,TensorFlow,inference_results,0.5792686927510692,86.84527904251058,1.429073561690898
System_D,RNN-T,,,,GPU,PyTorch,inference_results,14.767774804662144,666.9501370089625,0.1849347381302881
System_E,3D-UNet,,,,TPU,TensorFlow,inference_results,18.760554288162293,623.2941559684166,9.411495405034998
System_A,ResNet-50,,0.7046624820139036,146.42087177360213,Mobile_GPU,TensorFlow_Lite,mobile_results,46.82650645208748,,
System_B,BERT,,0.8063920276261697,215.07842505008082,Mobile_CPU,PyTorch_Mobile,mobile_results,87.32627204231372,,
System_C,DLRM,,1.0236078997228357,24.32947424697072,Edge_GPU,TensorFlow_Lite,mobile_results,36.67743193560645,,
System_D,RNN-T,,0.8669185319562146,36.083022955550994,Mobile_GPU,PyTorch_Mobile,mobile_results,19.31569925191242,,
System_E,3D-UNet,,0.7168103285600276,140.24034674640973,Edge_CPU,TensorFlow_Lite,mobile_results,155.39533835797315,,
System_A,ResNet-50,,0.7202164843991826,140.44670256262955,Mobile_GPU,TensorFlow_Lite,mobile_results,4.672057459268703,,
System_B,BERT,,0.7980614562236081,81.03915054244005,Mobile_CPU,PyTorch_Mobile,mobile_results,8.23332152345817,,
System_C,DLRM,,0.7487811787604761,53.5800588733598,Edge_GPU,TensorFlow_Lite,mobile_results,11.60728806702319,,
System_D,RNN-T,,0.6971282145817445,151.88137709340427,Mobile_GPU,PyTorch_Mobile,mobile_results,46.9259559385787,,
System_E,3D-UNet,,0.8221051063486919,119.85369357122175,Edge_CPU,TensorFlow_Lite,mobile_results,63.70899031924879,,
System_A,ResNet-50,,0.9025214454637995,21.84802368597842,Mobile_GPU,TensorFlow_Lite,mobile_results,46.46093201986336,,
System_B,BERT,,0.6776928196906891,8.084005069759014,Mobile_CPU,PyTorch_Mobile,mobile_results,339.5724920442187,,
System_C,DLRM,,0.7829235430810204,149.26438670337646,Edge_GPU,TensorFlow_Lite,mobile_results,2.054680587577293,,
System_D,RNN-T,,0.7971924343315846,16.60928875218697,Mobile_GPU,PyTorch_Mobile,mobile_results,8.894373133827619,,
System_E,3D-UNet,,0.8547351024300097,57.62722649566627,Edge_CPU,TensorFlow_Lite,mobile_results,0.27968146541044764,,
System_A,ResNet-50,,0.649314900022297,56.630474720156684,Mobile_GPU,TensorFlow_Lite,mobile_results,24.673525702024822,,
System_B,BERT,,0.8932461021772307,67.45967265452826,Mobile_CPU,PyTorch_Mobile,mobile_results,79.35209396032064,,
System_C,DLRM,,0.9309617649270984,76.32377290424677,Edge_GPU,TensorFlow_Lite,mobile_results,118.09890083466574,,
System_D,RNN-T,,0.8030708975796442,42.47642541898312,Mobile_GPU,PyTorch_Mobile,mobile_results,57.32966179400116,,
System_E,3D-UNet,,0.8505937177079446,69.63443173807114,Edge_CPU,TensorFlow_Lite,mobile_results,17.231188888214994,,
System_A,ResNet-50,,0.8205485586769338,110.76377709656384,Mobile_GPU,TensorFlow_Lite,mobile_results,82.51946707415507,,
System_B,BERT,,0.9073496843284506,46.754069320251986,Mobile_CPU,PyTorch_Mobile,mobile_results,32.332466679144,,
System_C,DLRM,,0.9043445825790065,39.233134771322995,Edge_GPU,TensorFlow_Lite,mobile_results,73.02832038762249,,
System_D,RNN-T,,0.7377208359697127,216.12862864851374,Mobile_GPU,PyTorch_Mobile,mobile_results,6.42325923872544,,
System_E,3D-UNet,,0.8404503154420303,325.04626293577655,Edge_CPU,TensorFlow_Lite,mobile_results,121.4073352284952,,
System_A,ResNet-50,,0.8272601720718245,187.36899707950516,Mobile_GPU,TensorFlow_Lite,mobile_results,48.235094414113725,,
System_B,BERT,,0.8120183229120014,15.525125174199744,Mobile_CPU,PyTorch_Mobile,mobile_results,43.82015493211837,,
System_C,DLRM,,0.6875285124316052,52.20051306000012,Edge_GPU,TensorFlow_Lite,mobile_results,17.547411257451643,,
System_D,RNN-T,,0.6302966013432013,141.69830160224265,Mobile_GPU,PyTorch_Mobile,mobile_results,25.249701664531266,,
System_E,3D-UNet,,0.6908671219459588,25.168570389252558,Edge_CPU,TensorFlow_Lite,mobile_results,10.799570342610682,,
System_A,ResNet-50,,0.6775454776056661,555.4243106262953,Mobile_GPU,TensorFlow_Lite,mobile_results,32.30067904419898,,
System_B,BERT,,0.7800296308390359,11.960619576810053,Mobile_CPU,PyTorch_Mobile,mobile_results,24.70675626486498,,
System_C,DLRM,,0.7568255897605305,138.29375927289573,Edge_GPU,TensorFlow_Lite,mobile_results,258.3103311805281,,
System_D,RNN-T,,0.9142265349937032,376.39047035737946,Mobile_GPU,PyTorch_Mobile,mobile_results,36.492313719518606,,
System_E,3D-UNet,,0.7708243769605875,41.67789728402132,Edge_CPU,TensorFlow_Lite,mobile_results,185.11543004905906,,
System_A,ResNet-50,,0.8339475983864385,20.064604570715304,Mobile_GPU,TensorFlow_Lite,mobile_results,1.6958158160359993,,
System_B,BERT,,0.961868670904999,17.54189751898295,Mobile_CPU,PyTorch_Mobile,mobile_results,33.81086039620272,,
System_C,DLRM,,0.6639270677655627,225.33433424724058,Edge_GPU,TensorFlow_Lite,mobile_results,16.412450339746485,,
System_D,RNN-T,,0.850426825622562,94.16869776789804,Mobile_GPU,PyTorch_Mobile,mobile_results,26.841647060093194,,
System_E,3D-UNet,,0.8347891486028309,264.2700457798209,Edge_CPU,TensorFlow_Lite,mobile_results,11.663634377899589,,
System_A,ResNet-50,,0.8654255268878539,84.57940557793127,Mobile_GPU,TensorFlow_Lite,mobile_results,66.53230324430913,,
System_B,BERT,,0.7046707428532452,112.29318852469159,Mobile_CPU,PyTorch_Mobile,mobile_results,55.93978082728053,,
System_C,DLRM,,0.81189078793579,170.1701172734329,Edge_GPU,TensorFlow_Lite,mobile_results,188.04384514238504,,
System_D,RNN-T,,0.7958827823262078,301.4173794803207,Mobile_GPU,PyTorch_Mobile,mobile_results,44.893096294273924,,
System_E,3D-UNet,,0.6845617659715891,43.307699092415575,Edge_CPU,TensorFlow_Lite,mobile_results,63.5086199227363,,
System_A,ResNet-50,,0.8615275552456721,113.29445950557218,Mobile_GPU,TensorFlow_Lite,mobile_results,99.63918287395586,,
System_B,BERT,,0.8131383029905704,2.386068942436626,Mobile_CPU,PyTorch_Mobile,mobile_results,3.488072433267458,,
System_C,DLRM,,0.8809847673371064,107.19754356177506,Edge_GPU,TensorFlow_Lite,mobile_results,65.71521975028627,,
System_D,RNN-T,,0.6157680451736639,20.801140969259944,Mobile_GPU,PyTorch_Mobile,mobile_results,10.255551114517852,,
System_E,3D-UNet,,0.8120047059573356,7.345348715647751,Edge_CPU,TensorFlow_Lite,mobile_results,56.52788994313295,,
System_A,ResNet-50,,0.6788287076534475,283.65077320359046,Mobile_GPU,TensorFlow_Lite,mobile_results,180.6227160888999,,
System_B,BERT,,0.9692486252446698,222.98728573800796,Mobile_CPU,PyTorch_Mobile,mobile_results,0.5013220583794862,,
System_C,DLRM,,0.8161512661463033,152.2088994990123,Edge_GPU,TensorFlow_Lite,mobile_results,76.51509398517082,,
System_D,RNN-T,,0.8167779006126186,179.09866625500132,Mobile_GPU,PyTorch_Mobile,mobile_results,7.444875857942214,,
System_E,3D-UNet,,0.8691539146065653,70.8536426262439,Edge_CPU,TensorFlow_Lite,mobile_results,32.04835899571684,,
System_A,ResNet-50,,0.7436780498367618,15.108051121506705,Mobile_GPU,TensorFlow_Lite,mobile_results,110.06933995677339,,
System_B,BERT,,0.8610517918401068,208.2342238998008,Mobile_CPU,PyTorch_Mobile,mobile_results,33.94838673208931,,
System_C,DLRM,,0.8138052558102784,302.83633626343726,Edge_GPU,TensorFlow_Lite,mobile_results,0.7591638975979259,,
System_D,RNN-T,,0.7995053879022429,165.85581054845596,Mobile_GPU,PyTorch_Mobile,mobile_results,110.83590656351257,,
System_E,3D-UNet,,0.7989863443329422,66.19918956061946,Edge_CPU,TensorFlow_Lite,mobile_results,42.582530124358705,,
System_A,ResNet-50,,0.7777180703039017,161.37880098342583,Mobile_GPU,TensorFlow_Lite,mobile_results,37.61969442423933,,
System_B,BERT,,0.9183971423519027,135.43502949848616,Mobile_CPU,PyTorch_Mobile,mobile_results,13.183009884025934,,
System_C,DLRM,,0.8614183046920139,327.06100139645935,Edge_GPU,TensorFlow_Lite,mobile_results,74.9856119197603,,
System_D,RNN-T,,0.8313233314452098,133.26530983633492,Mobile_GPU,PyTorch_Mobile,mobile_results,1.1743156854324364,,
System_E,3D-UNet,,0.8797605374683823,54.89430690452062,Edge_CPU,TensorFlow_Lite,mobile_results,65.61117956144369,,
System_A,ResNet-50,,0.8176468308981644,162.91283620070072,Mobile_GPU,TensorFlow_Lite,mobile_results,90.33404765397474,,
System_B,BERT,,0.6580231240655261,330.15889824506246,Mobile_CPU,PyTorch_Mobile,mobile_results,99.88772607846077,,
System_C,DLRM,,0.8099263558347445,95.85948490090703,Edge_GPU,TensorFlow_Lite,mobile_results,21.46428387583499,,
System_D,RNN-T,,0.8136839160786595,67.70892949111376,Mobile_GPU,PyTorch_Mobile,mobile_results,184.60575593639922,,
System_E,3D-UNet,,0.7415481450731312,42.365015478711435,Edge_CPU,TensorFlow_Lite,mobile_results,81.91814152769165,,
System_A,ResNet-50,,0.9561518124779484,70.31083735305921,Mobile_GPU,TensorFlow_Lite,mobile_results,4.6235411961212955,,
System_B,BERT,,0.8883121667821929,174.02918750814052,Mobile_CPU,PyTorch_Mobile,mobile_results,36.405553988261744,,
System_C,DLRM,,0.8045039793086695,208.93979690550154,Edge_GPU,TensorFlow_Lite,mobile_results,42.13977399390551,,
System_D,RNN-T,,0.8350229058698553,96.31068329510808,Mobile_GPU,PyTorch_Mobile,mobile_results,20.835427411106615,,
System_E,3D-UNet,,0.9310847815618457,17.988432108708484,Edge_CPU,TensorFlow_Lite,mobile_results,63.182882279640516,,
System_A,ResNet-50,,0.8920689252487586,90.39332984212494,Mobile_GPU,TensorFlow_Lite,mobile_results,3.0473813105140755,,
System_B,BERT,,0.8948059718397918,201.9589800248776,Mobile_CPU,PyTorch_Mobile,mobile_results,22.293766117413632,,
System_C,DLRM,,0.8025152177498278,13.86818563449049,Edge_GPU,TensorFlow_Lite,mobile_results,56.8265007615799,,
System_D,RNN-T,,0.8814397376626962,30.796583520012,Mobile_GPU,PyTorch_Mobile,mobile_results,69.53869460850487,,
System_E,3D-UNet,,0.8124595610591882,158.28483127389515,Edge_CPU,TensorFlow_Lite,mobile_results,65.70501064272094,,
System_A,ResNet-50,,0.6397746667032412,87.39958422021168,Mobile_GPU,TensorFlow_Lite,mobile_results,39.779583311563975,,
System_B,BERT,,0.8904562451308871,190.02996665524313,Mobile_CPU,PyTorch_Mobile,mobile_results,21.350267170775446,,
System_C,DLRM,,0.9017957854150654,1.4180085005269218,Edge_GPU,TensorFlow_Lite,mobile_results,113.28728888378518,,
System_D,RNN-T,,0.8467404297951439,8.683984235982429,Mobile_GPU,PyTorch_Mobile,mobile_results,182.32225076237336,,
System_E,3D-UNet,,0.899284869766575,9.176075963557254,Edge_CPU,TensorFlow_Lite,mobile_results,32.49377538573752,,
System_A,ResNet-50,,0.8537884197387873,277.464921326255,Mobile_GPU,TensorFlow_Lite,mobile_results,6.526196382848656,,
System_B,BERT,,0.9178770585884077,44.29233903570345,Mobile_CPU,PyTorch_Mobile,mobile_results,69.29660253458455,,
System_C,DLRM,,0.7286912866111078,99.98385481161046,Edge_GPU,TensorFlow_Lite,mobile_results,22.47460933630799,,
System_D,RNN-T,,0.727544259614972,40.67835330966701,Mobile_GPU,PyTorch_Mobile,mobile_results,0.1322315756118947,,
System_E,3D-UNet,,0.9440459601692018,74.16703480469958,Edge_CPU,TensorFlow_Lite,mobile_results,38.487543042605054,,
System_A,ResNet-50,,0.7691681296430615,100.88043878319067,Mobile_GPU,TensorFlow_Lite,mobile_results,112.98087345027051,,
System_B,BERT,,0.7525616564877122,304.63705115154136,Mobile_CPU,PyTorch_Mobile,mobile_results,149.26006445519323,,
System_C,DLRM,,0.8703094199987242,13.712256262956846,Edge_GPU,TensorFlow_Lite,mobile_results,240.75426526193394,,
System_D,RNN-T,,0.7747619087866782,125.2351322731893,Mobile_GPU,PyTorch_Mobile,mobile_results,4.652289793821296,,
System_E,3D-UNet,,0.7368975731442635,25.618689128601012,Edge_CPU,TensorFlow_Lite,mobile_results,123.31667201018955,,
System_A,ResNet-50,,0.8690025262926439,77.39255307391997,Mobile_GPU,TensorFlow_Lite,mobile_results,40.360628376686854,,
System_B,BERT,,0.9129943790288017,10.129572503752058,Mobile_CPU,PyTorch_Mobile,mobile_results,92.67560955206373,,
System_C,DLRM,,0.6946972335730486,105.2638344511831,Edge_GPU,TensorFlow_Lite,mobile_results,0.8874247714197829,,
System_D,RNN-T,,0.8639619519218915,186.63493036621554,Mobile_GPU,PyTorch_Mobile,mobile_results,71.25224509413064,,
System_E,3D-UNet,,0.8207613263906006,113.84324452023516,Edge_CPU,TensorFlow_Lite,mobile_results,77.07995341814974,,
System_A,ResNet-50,,0.7303594652505058,58.70886281546274,Mobile_GPU,TensorFlow_Lite,edge_results,27.632234694362985,,
System_B,BERT,,0.8015239591245594,36.83964738468769,Mobile_CPU,PyTorch_Mobile,edge_results,94.31577396871172,,
System_C,DLRM,,0.9374268217027467,154.3498680254103,Edge_GPU,TensorFlow_Lite,edge_results,32.22824923458808,,
System_D,RNN-T,,0.6239606357554369,46.78388928378787,Mobile_GPU,PyTorch_Mobile,edge_results,73.91316683363397,,
System_E,3D-UNet,,0.7956838652510624,19.361947009636108,Edge_CPU,TensorFlow_Lite,edge_results,45.096313055150674,,
System_A,ResNet-50,,0.8620621462598347,111.3452901987665,Mobile_GPU,TensorFlow_Lite,edge_results,110.21221107397041,,
System_B,BERT,,0.7719292156949605,46.909758548135294,Mobile_CPU,PyTorch_Mobile,edge_results,12.621938998122081,,
System_C,DLRM,,0.7147077323567901,235.38725780697592,Edge_GPU,TensorFlow_Lite,edge_results,50.67971956635835,,
System_D,RNN-T,,0.8208561051405474,13.065989464850928,Mobile_GPU,PyTorch_Mobile,edge_results,8.717131229023513,,
System_E,3D-UNet,,0.6997174485883567,10.529466738390107,Edge_CPU,TensorFlow_Lite,edge_results,69.28448280966423,,
System_A,ResNet-50,,0.7582396279771428,80.85610352640205,Mobile_GPU,TensorFlow_Lite,edge_results,15.777572437269807,,
System_B,BERT,,0.8561451497905805,374.21537225836875,Mobile_CPU,PyTorch_Mobile,edge_results,27.683512020419332,,
System_C,DLRM,,0.8302737918838826,26.20371406372164,Edge_GPU,TensorFlow_Lite,edge_results,94.20340257706609,,
System_D,RNN-T,,0.8184505996143043,0.8608301823172669,Mobile_GPU,PyTorch_Mobile,edge_results,43.565234963280844,,
System_E,3D-UNet,,0.7693126028671127,235.93649574515436,Edge_CPU,TensorFlow_Lite,edge_results,14.891401911948321,,
System_A,ResNet-50,,0.7474629392737899,158.9744766212518,Mobile_GPU,TensorFlow_Lite,edge_results,17.230859908425227,,
System_B,BERT,,0.784052720230136,19.49873825900704,Mobile_CPU,PyTorch_Mobile,edge_results,7.245616568761526,,
System_C,DLRM,,0.8584910988392079,62.78019282537486,Edge_GPU,TensorFlow_Lite,edge_results,29.96944760490275,,
System_D,RNN-T,,0.8749899101011639,55.703281066392016,Mobile_GPU,PyTorch_Mobile,edge_results,14.744162270626168,,
System_E,3D-UNet,,0.866492391092582,83.87038158157777,Edge_CPU,TensorFlow_Lite,edge_results,3.008893407535163,,
System_A,ResNet-50,,0.8558629766173447,245.02512237889516,Mobile_GPU,TensorFlow_Lite,edge_results,78.64159037075481,,
System_B,BERT,,0.7983906173246402,236.93869282448463,Mobile_CPU,PyTorch_Mobile,edge_results,11.431618485409484,,
System_C,DLRM,,0.8352006509467476,41.05573150055275,Edge_GPU,TensorFlow_Lite,edge_results,28.534907474969824,,
System_D,RNN-T,,0.8337391009355913,163.99500467343708,Mobile_GPU,PyTorch_Mobile,edge_results,0.6576110532560149,,
System_E,3D-UNet,,0.8483572993565383,240.61423016127054,Edge_CPU,TensorFlow_Lite,edge_results,0.8114975521522606,,
System_A,ResNet-50,,0.7504294148565227,77.06360084579438,Mobile_GPU,TensorFlow_Lite,edge_results,11.753370731438716,,
System_B,BERT,,0.7940138187339316,76.84280672897594,Mobile_CPU,PyTorch_Mobile,edge_results,98.70993567301318,,
System_C,DLRM,,0.7232866332367281,12.807237800506755,Edge_GPU,TensorFlow_Lite,edge_results,32.94511539818926,,
System_D,RNN-T,,0.755099895845083,48.97718558291666,Mobile_GPU,PyTorch_Mobile,edge_results,5.460577707862594,,
System_E,3D-UNet,,0.8437135318534019,5.004667592100766,Edge_CPU,TensorFlow_Lite,edge_results,37.80942607168865,,
System_A,ResNet-50,,0.8151681665806751,64.01283602261499,Mobile_GPU,TensorFlow_Lite,edge_results,24.075028068190253,,
System_B,BERT,,0.813410539516375,144.42428836168136,Mobile_CPU,PyTorch_Mobile,edge_results,22.483445796318854,,
System_C,DLRM,,0.7821369281025401,56.15830054527462,Edge_GPU,TensorFlow_Lite,edge_results,2.5438440513413587,,
System_D,RNN-T,,0.7313694105122888,11.059543762347811,Mobile_GPU,PyTorch_Mobile,edge_results,43.3161487136516,,
System_E,3D-UNet,,0.7350211499340116,129.12833283525228,Edge_CPU,TensorFlow_Lite,edge_results,78.84350375472647,,
System_A,ResNet-50,,0.737871172620758,45.94086514424486,Mobile_GPU,TensorFlow_Lite,edge_results,29.619268196250793,,
System_B,BERT,,0.6171788056967762,62.312493492057555,Mobile_CPU,PyTorch_Mobile,edge_results,117.91185320622239,,
System_C,DLRM,,0.854169464701416,61.002684586668785,Edge_GPU,TensorFlow_Lite,edge_results,36.33315330765659,,
System_D,RNN-T,,0.7617615704777692,57.590405367209975,Mobile_GPU,PyTorch_Mobile,edge_results,7.328009503047768,,
System_E,3D-UNet,,0.6878216264671503,26.665048082589106,Edge_CPU,TensorFlow_Lite,edge_results,34.34347360807701,,
System_A,ResNet-50,,0.7964206282048538,6.373001279854796,Mobile_GPU,TensorFlow_Lite,edge_results,63.872765020642305,,
System_B,BERT,,0.7288305792306891,133.022998505686,Mobile_CPU,PyTorch_Mobile,edge_results,212.8171626503698,,
System_C,DLRM,,0.6667381778497711,49.4900243512617,Edge_GPU,TensorFlow_Lite,edge_results,57.23913295700338,,
System_D,RNN-T,,0.8291377742686119,44.530874103996396,Mobile_GPU,PyTorch_Mobile,edge_results,56.506667981684444,,
System_E,3D-UNet,,0.7189565532444464,88.62744286102064,Edge_CPU,TensorFlow_Lite,edge_results,16.94145139101373,,
System_A,ResNet-50,,0.9274420270165961,6.0310493872977,Mobile_GPU,TensorFlow_Lite,edge_results,8.30893527617467,,
System_B,BERT,,0.7356007320491047,15.940721991135304,Mobile_CPU,PyTorch_Mobile,edge_results,6.183453004427204,,
System_C,DLRM,,0.7994715649694069,70.30209917713601,Edge_GPU,TensorFlow_Lite,edge_results,9.427227133621031,,
System_D,RNN-T,,0.9421514524968742,36.252402836609754,Mobile_GPU,PyTorch_Mobile,edge_results,7.879796565420648,,
System_E,3D-UNet,,0.7929881729416659,12.195580126130277,Edge_CPU,TensorFlow_Lite,edge_results,67.65604744149523,,
System_A,ResNet-50,,0.8493911708444096,13.430842498546117,Mobile_GPU,TensorFlow_Lite,edge_results,95.54767410783441,,
System_B,BERT,,0.8332603302501165,146.96693790328035,Mobile_CPU,PyTorch_Mobile,edge_results,39.279448203817765,,
System_C,DLRM,,0.8038097986129302,27.22118880340209,Edge_GPU,TensorFlow_Lite,edge_results,3.597295700957864,,
System_D,RNN-T,,0.8385109988994239,64.11743325318233,Mobile_GPU,PyTorch_Mobile,edge_results,0.044156384607631,,
System_E,3D-UNet,,0.8042312517246178,116.90114305625514,Edge_CPU,TensorFlow_Lite,edge_results,29.75989577788661,,
System_A,ResNet-50,,0.8521216729426396,67.40532943235905,Mobile_GPU,TensorFlow_Lite,edge_results,12.704953674680953,,
System_B,BERT,,0.8639303765800922,108.48279230149838,Mobile_CPU,PyTorch_Mobile,edge_results,31.150690690561344,,
System_C,DLRM,,0.7252569733868329,33.44989249936526,Edge_GPU,TensorFlow_Lite,edge_results,3.246552288691482,,
System_D,RNN-T,,0.8892867323476662,1.3055518661634444,Mobile_GPU,PyTorch_Mobile,edge_results,54.100520144724584,,
System_E,3D-UNet,,0.8473716375983521,66.24379138571493,Edge_CPU,TensorFlow_Lite,edge_results,111.52849230923782,,
System_A,ResNet-50,,0.6921516581560669,154.89337782095296,Mobile_GPU,TensorFlow_Lite,edge_results,95.27136916075851,,
System_B,BERT,,0.7747622231444937,21.712809523303907,Mobile_CPU,PyTorch_Mobile,edge_results,143.86768350794063,,
System_C,DLRM,,0.8100805148192636,26.608713434205473,Edge_GPU,TensorFlow_Lite,edge_results,42.60612536216408,,
System_D,RNN-T,,0.8931237291522489,125.31581310990094,Mobile_GPU,PyTorch_Mobile,edge_results,50.44600553389935,,
System_E,3D-UNet,,0.8388313865389062,488.62955587034935,Edge_CPU,TensorFlow_Lite,edge_results,33.84208944458457,,
System_A,ResNet-50,,0.7235860396469833,10.332453001772887,Mobile_GPU,TensorFlow_Lite,edge_results,26.758806856895074,,
System_B,BERT,,0.9829959793383771,155.93575809017995,Mobile_CPU,PyTorch_Mobile,edge_results,2.8067519907507634,,
System_C,DLRM,,0.807743750766453,108.58569712714842,Edge_GPU,TensorFlow_Lite,edge_results,80.72681737240566,,
System_D,RNN-T,,0.9248217719834735,178.7172109461425,Mobile_GPU,PyTorch_Mobile,edge_results,14.80446283520513,,
System_E,3D-UNet,,0.9101116370523248,148.06662014184445,Edge_CPU,TensorFlow_Lite,edge_results,35.03841665717646,,
System_A,ResNet-50,,0.8225253952869548,35.82913204460285,Mobile_GPU,TensorFlow_Lite,edge_results,19.692842698424464,,
System_B,BERT,,0.7632152678444531,129.7580108133703,Mobile_CPU,PyTorch_Mobile,edge_results,254.3696437240816,,
System_C,DLRM,,0.820528094562424,17.14540972760071,Edge_GPU,TensorFlow_Lite,edge_results,17.070233797946884,,
System_D,RNN-T,,0.719127104693722,154.56935798700923,Mobile_GPU,PyTorch_Mobile,edge_results,41.07726666329113,,
System_E,3D-UNet,,0.8783233518260247,278.4457293880613,Edge_CPU,TensorFlow_Lite,edge_results,83.83388023594112,,
System_A,ResNet-50,,0.8102617490326094,76.27075224741785,Mobile_GPU,TensorFlow_Lite,edge_results,13.40745839171994,,
System_B,BERT,,0.8093741073939057,198.98570211707437,Mobile_CPU,PyTorch_Mobile,edge_results,28.32953816904516,,
System_C,DLRM,,0.8839026070469355,110.72613171115768,Edge_GPU,TensorFlow_Lite,edge_results,38.31561031212608,,
System_D,RNN-T,,0.9787724340171717,81.12063663223765,Mobile_GPU,PyTorch_Mobile,edge_results,7.871778148241522,,
System_E,3D-UNet,,0.815439321198497,23.352952700600607,Edge_CPU,TensorFlow_Lite,edge_results,39.47340667081566,,
System_A,ResNet-50,,0.9471704902297574,120.02435142864938,Mobile_GPU,TensorFlow_Lite,edge_results,134.38954006317442,,
System_B,BERT,,0.7573612073173874,187.72864587571897,Mobile_CPU,PyTorch_Mobile,edge_results,74.97613745594371,,
System_C,DLRM,,0.8824028934599688,172.10220913919972,Edge_GPU,TensorFlow_Lite,edge_results,34.68624875791603,,
System_D,RNN-T,,0.8129262608729158,9.108486892988667,Mobile_GPU,PyTorch_Mobile,edge_results,92.72684066113499,,
System_E,3D-UNet,,0.8521588476445435,94.06573454817779,Edge_CPU,TensorFlow_Lite,edge_results,86.07649024766953,,
System_A,ResNet-50,,0.7827493536432937,2.0508989151263024,Mobile_GPU,TensorFlow_Lite,edge_results,5.648553372732194,,
System_B,BERT,,0.8071291025854336,41.99921703334845,Mobile_CPU,PyTorch_Mobile,edge_results,32.285904781288316,,
System_C,DLRM,,0.7751889029496231,52.629467036424536,Edge_GPU,TensorFlow_Lite,edge_results,11.52551710648329,,
System_D,RNN-T,,0.8006781471543588,12.453624445127875,Mobile_GPU,PyTorch_Mobile,edge_results,23.313751150373523,,
System_E,3D-UNet,,0.7521983167648376,36.497268177037476,Edge_CPU,TensorFlow_Lite,edge_results,9.764538759322242,,
System_A,ResNet-50,,0.7419540190616126,43.36714287256858,Mobile_GPU,TensorFlow_Lite,edge_results,25.104192627517115,,
System_B,BERT,,0.7839343179784982,51.59008702865483,Mobile_CPU,PyTorch_Mobile,edge_results,11.990397569698972,,
System_C,DLRM,,0.8338351019281469,71.36041498767423,Edge_GPU,TensorFlow_Lite,edge_results,74.04376674580368,,
System_D,RNN-T,,0.7021245140887878,119.19499511652585,Mobile_GPU,PyTorch_Mobile,edge_results,24.58232120098083,,
System_E,3D-UNet,,0.8061696537037132,6.863070784695768,Edge_CPU,TensorFlow_Lite,edge_results,18.255678236978344,,
System_A,ResNet-50,,0.8396772336278285,48.4569397449018,Mobile_GPU,TensorFlow_Lite,edge_results,127.66954173589244,,
System_B,BERT,,0.6988298346679828,117.3808658418857,Mobile_CPU,PyTorch_Mobile,edge_results,11.530202439025233,,
System_C,DLRM,,0.6440783684491357,413.1865308974993,Edge_GPU,TensorFlow_Lite,edge_results,53.35257906636689,,
System_D,RNN-T,,0.8189458571291982,51.8796960730753,Mobile_GPU,PyTorch_Mobile,edge_results,11.732306655486616,,
System_E,3D-UNet,,0.9555685945277375,69.29050585806779,Edge_CPU,TensorFlow_Lite,edge_results,117.31913460588129,,
